feature,importance
PM2.5,0.8755912554736834
PM2.5_roll7_mean,0.014828024772432186
PM2.5_roll30_mean,0.014065226690035954
wind_speed_10m_max,0.007241399880261138
precipitation_sum,0.006611598128720796
PM2.5_roll7_std,0.0062451009783344846
PM10,0.005428778227626844
NO2,0.005346192609906958
temperature_2m_min,0.005123938044516014
O3,0.004305882831468004
